0,task:Sleep,0.0,0.0,0.0,0.0,task:Diffuse,0.0,0.0,0.0,0.0,
1,task:Sleep,-1.5816413246042263E-5,3.786076343122476E-5,0.0,0.0,task:Diffuse,-1.1244079868653116E-4,0.01536544688308533,0.0,0.0,
2,task:Sleep,6.935455279481854E-4,7.13998849952708E-4,0.0,0.0,task:Diffuse,0.06534123931392762,0.10813699999999998,0.0,0.0,
3,task:Sleep,5.390541688951994E-4,0.0013118910513054173,0.0,0.0,task:Diffuse,0.06536262160062827,0.10813683809248467,0.0,0.0,
4,task:Sleep,-2.9536171073889128E-5,0.015673588649386092,0.0,0.0,task:Diffuse,-1.1730913012934958E-4,-7.046720605174733E-5,0.0,0.0,
5,task:10-0,8.386089453013408,-0.012603787221172025,-0.21948998650305412,-0.06204010569624198,task:Sleep,-1.1428571428571427E-5,-1.1356461473756214E-5,-2.97491414451039E-5,0.20392713792495326,task:Diffuse,-8.7528571382676E-5,-5.322725111948025E-5,-1.1738472041310604E-4,7.487483918753931E-5,
6,task:Sleep,-2.9692562074751556E-5,0.01590779656670959,0.0,0.0,task:Diffuse,-1.1736463850858897E-4,-3.905400824801E-5,0.0,0.0,
7,task:10-0,-0.16142142556517947,-0.1470309601472139,-0.026532829256290726,10.825567378580521,task:Sleep,-1.706929332660393E-5,0.01451998347260478,-9.216E-6,-6.4E-6,task:Diffuse,-1.0364595375965101E-4,-3.4210353959782396E-5,1.5608150027122574,-6.728E-5,
8,task:10-0,8.03024275962873,-0.024742621763980524,9.013788027604958,11.131234003950881,task:Sleep,-8.6857142858813E-6,1.0145932043881668E-4,0.0,-6.4E-6,task:Diffuse,-8.761386647764078E-5,7.509407620679066E-5,-6.728E-5,-6.728E-5,
