0,task:Sleep,0.0,0.0,0.0,0.0,task:Diffuse,0.0,0.0,0.0,0.0,
1,task:Sleep,-2.969257142857138E-5,0.017129043450282707,0.0,0.0,task:Diffuse,-1.1736464182857142E-4,-8.001016098289967E-5,0.0,0.0,
2,task:Sleep,-2.9692571428037883E-5,0.017122668866905128,0.0,0.0,task:Diffuse,-1.1736464182838206E-4,-8.153803963446732E-5,0.0,0.0,
3,task:Sleep,-1.1428571428571429E-5,0.017205501159212863,0.0,0.0,task:Diffuse,-8.752857142857145E-5,-8.644662241610984E-5,0.0,0.0,
4,task:Sleep,-1.1428571428571429E-5,-1.1271850982246995E-5,0.0,0.0,task:Diffuse,-8.752857142857145E-5,0.01695142899611993,0.0,0.0,
5,task:10-0,4.056510658978066,-0.036001745163850865,-6.81751241124234,-0.45275738981832275,task:Sleep,-1.1428571428571427E-5,0.015327192344590637,-1.1428571428571429E-5,-1.1433585251349393E-5,task:Diffuse,-8.752689340891792E-5,-8.61162431709401E-5,-8.752857143750465E-5,-7.501826172681124E-5,
6,task:Sleep,-1.1428571428571427E-5,0.01704085821408385,0.0,0.0,task:Diffuse,-8.752857142857178E-5,-5.512147748610524E-5,0.0,0.0,
7,task:10-0,-0.9748812184250135,-0.7521514047800998,-0.08853245608040476,9.329526439927314,task:Sleep,-1.1428571428571429E-5,-1.1428571428571712E-5,1.5608832830687394,-9.216E-6,task:Diffuse,-8.752857143035499E-5,-8.457694920824592E-5,-8.731275927624097E-5,-9.244830130176001E-5,
8,task:10-0,6.5188316348584445,-0.07619956928799235,-9.24793361836438,-3.32979582676733,task:Sleep,-8.685714285881257E-6,0.015603533559147705,-1.1428571428571429E-5,0.024917696813263515,task:Diffuse,-8.47890362406258E-5,-7.493266586054747E-5,-8.752857142861416E-5,33.710043835283315,
