0,task:Sleep,0.0,0.0,0.0,0.0,task:Diffuse,0.0,0.0,0.0,0.0,
1,task:Sleep,-1.1428571427345083E-5,1.8109740737763003E-5,0.0,0.0,task:Diffuse,0.07734919453464745,-1.0845926967504682E-4,0.0,0.0,
2,task:Sleep,-3.5414592877179063E-6,2.473039640816555E-4,0.0,0.0,task:Diffuse,0.06541078470172851,0.10779206765681847,0.0,0.0,
3,task:Sleep,-2.969257142855979E-5,-1.1415923979535104E-5,0.0,0.0,task:Diffuse,0.07076176849592074,0.10813449514372525,0.0,0.0,
4,task:Sleep,-1.142857142857132E-5,0.0013025601799288406,0.0,0.0,task:Diffuse,0.07710817961204341,-1.095659111409244E-5,0.0,0.0,
5,task:10-0,0.0,6.849313973769148,0.8747136403372704,7.086584626198388,task:Sleep,-6.4E-6,0.0,-1.1091707458128727E-5,-1.1561100735449045E-5,task:Diffuse,0.002610972799999999,-6.728E-5,-8.663125863011902E-5,-9.819030527284317E-5,
6,task:Sleep,-2.969257142455428E-5,-1.142264396193474E-5,0.0,0.0,task:Diffuse,-1.1736464182714563E-4,0.018445178045946847,0.0,0.0,
7,task:10-0,-0.7053651377772278,-0.0716786844613766,0.0,0.0,task:Sleep,-2.9692571428571565E-5,-1.1428571428571429E-5,0.0,0.0,task:Diffuse,-1.173646418285715E-4,-2.4786016508744255E-5,0.0,0.0,
8,task:10-0,0.0,6.84943840308422,-11.945982861744758,-Infinity,task:Sleep,0.0,0.0,0.0753505340381587,-1.1428571428571429E-5,task:Diffuse,4.549145599999997E-4,0.0,2.11321957985589,-8.752857275189629E-5,
