0,task:Sleep,0.0,0.0,0.0,0.0,task:Diffuse,0.0,0.0,0.0,0.0,
1,task:Sleep,-1.1428571428571429E-5,0.017124149375714413,0.0,0.0,task:Diffuse,-8.752857142857145E-5,-6.52359927369487E-5,0.0,0.0,
2,task:Sleep,-1.1428571428571429E-5,0.017117799097931166,0.0,0.0,task:Diffuse,-8.752857142857145E-5,-6.53325918060758E-5,0.0,0.0,
3,task:Sleep,-1.1428571428571429E-5,4.328125160209606E-5,0.0,0.0,task:Diffuse,-8.752857142857145E-5,0.017073671872704737,0.0,0.0,
4,task:Sleep,-1.1428571428571429E-5,0.017124570712634096,0.0,0.0,task:Diffuse,-8.752857142857145E-5,-4.9164100763243336E-5,0.0,0.0,
5,task:10-0,0.0,6.8492949787979756,-1.6514336883658494,-Infinity,task:Sleep,0.0,-6.4E-6,8.405426435488541E-5,-1.1428571428571429E-5,task:Diffuse,4.549145599999997E-4,-6.728E-5,1.9931145332387736,-8.752857142857145E-5,
6,task:Sleep,-1.1428571428571429E-5,0.017124039541814712,0.0,0.0,task:Diffuse,-8.752857142857145E-5,-6.527815188575414E-5,0.0,0.0,
7,task:10-0,-9.385833674327003,-0.517414842630852,0.0,0.0,task:Sleep,-1.1428571428571429E-5,0.015451459513434023,0.0,0.0,task:Diffuse,-8.752857142857145E-5,3.392268265556474E-5,0.0,0.0,
8,task:10-0,0.0,6.849303325460818,-0.049591952007255274,-Infinity,task:Sleep,0.0,0.0,0.004131578626322705,-1.1428571428571429E-5,task:Diffuse,4.549145599999997E-4,-6.728E-5,0.011202701622078199,-8.752857142857145E-5,
9,task:Sleep,-1.1428571428571429E-5,-6.739321813880065E-6,0.0,0.0,task:Diffuse,-8.752857142857145E-5,0.017168826765323473,0.0,0.0,
10,task:10-0,0.0,7.213349573393305,-2.200852310549883,-Infinity,task:Sleep,0.0,0.0,0.113621500076334,-1.1428571428571429E-5,task:Diffuse,4.549145599999997E-4,0.0,2.1458994133814184,-8.752857142857145E-5,
11,task:10-0,0.0,6.849303976446982,-1.404816062311819,-Infinity,task:Sleep,0.0,0.0,0.01451982337940749,-1.1428571428571427E-5,task:Diffuse,4.549145599999997E-4,-6.728E-5,-6.149052817948684E-5,-8.752857142857145E-5,
12,task:10-0,0.0,6.849431388502419,-3.895520577704444,-Infinity,task:Sleep,0.0,0.0,5.332595134746555E-4,-1.1428571428571429E-5,task:Diffuse,4.549145599999997E-4,0.0,0.016785144655506148,-8.752857142857145E-5,
13,task:Sleep,-1.1428571428571427E-5,0.013737661630403613,0.0,0.0,task:Diffuse,-8.752857142857145E-5,-3.4663256263733056E-5,0.0,0.0,
