0,task:Sleep,0.0,0.0,0.0,0.0,task:Diffuse,0.0,0.0,0.0,0.0,
1,task:Sleep,-1.1428571428571427E-5,0.015524442973033261,0.0,0.0,task:Diffuse,-1.1892044128239231E-4,-8.692880005925368E-5,0.0,0.0,
2,task:Sleep,-2.969256544672285E-5,4.282975841519037E-5,0.0,0.0,task:Diffuse,0.07134477251368891,0.10813699999999998,0.0,0.0,
3,task:Sleep,5.411868110494478E-4,-2.255098669307651E-6,0.0,0.0,task:Diffuse,0.050824075577095,0.10813699999999998,0.0,0.0,
4,task:Sleep,-1.1428571428571429E-5,0.01698564946617696,0.0,0.0,task:Diffuse,-8.752857142864304E-5,-8.692605932555226E-5,0.0,0.0,
5,task:10-0,0.0,6.849306087372513,12.62213221747512,12.18040622931257,task:Sleep,0.0,-6.4E-6,0.2541639458193149,-7.68E-6,task:Diffuse,4.549145599999997E-4,-6.728E-5,-5.371177823957105E-5,0.0,
6,task:Sleep,3.3630036170008377E-4,-1.1428571085811265E-5,0.0,0.0,task:Diffuse,-1.0908872815241229E-4,0.016937795298840753,0.0,0.0,
7,task:10-0,-0.026241853892873437,-0.010308694437122871,0.0,0.0,task:Sleep,-2.969257146010384E-5,-1.1428569644971155E-5,0.0,0.0,task:Diffuse,-1.1736464183976334E-4,-8.066672893477729E-5,0.0,0.0,
8,task:10-0,6.8439026445297175,6.84943840308422,8.712942037937696,0.0,task:Sleep,0.0,0.0,-6.4E-6,0.0,task:Diffuse,0.002610972799999999,0.0,0.0,3.0057199933244307,
