0,task:Sleep,0.0,0.0,0.0,0.0,task:Diffuse,0.0,0.0,0.0,0.0,
1,task:Sleep,-2.9692571428464743E-5,0.017178924718102593,0.0,0.0,task:Diffuse,-1.1736464182853357E-4,4.54529925197133E-5,0.0,0.0,
2,task:Sleep,-2.969257142857142E-5,0.01714660644523726,0.0,0.0,task:Diffuse,-1.1736464182857145E-4,-3.7802955741553616E-5,0.0,0.0,
3,task:Sleep,-2.9692571414881577E-5,0.01711857881113879,0.0,0.0,task:Diffuse,-1.1736464182371247E-4,-6.531056024770533E-5,0.0,0.0,
4,task:Sleep,-2.969257142846475E-5,0.017132942380246777,0.0,0.0,task:Diffuse,-1.1736464182853357E-4,-3.311741412502591E-5,0.0,0.0,
5,task:10-0,0.0,6.849432113907925,-4.888601011614912,-Infinity,task:Sleep,0.0,-6.4E-6,0.033871125728041504,-1.1428571428571429E-5,task:Diffuse,4.549145599999997E-4,0.0,2.0144633180103024E-4,-8.752857142857145E-5,
6,task:Sleep,-2.969257142857143E-5,0.017126741129850014,0.0,0.0,task:Diffuse,-1.1736464182857145E-4,-6.288297231917504E-5,0.0,0.0,
7,task:10-0,-0.2286253228170363,-0.13544106429791253,0.0,0.0,task:Sleep,-2.9692571428574465E-5,1.0256242280847616E-5,0.0,0.0,task:Diffuse,-1.1736464182857252E-4,0.01755921353809207,0.0,0.0,
8,task:10-0,0.0,6.849303056375378,-0.6375819763844343,-Infinity,task:Sleep,0.0,-6.4E-6,5.32618534233992E-4,-1.1428571428571429E-5,task:Diffuse,4.549145599999997E-4,-6.728E-5,1.0447341124468777E-5,-8.75285770104911E-5,
