0,task:Sleep,0.0,0.0,0.0,0.0,task:Diffuse,0.0,0.0,0.0,0.0,
1,task:Sleep,-2.9692550440243474E-5,0.016779582819379833,0.0,0.0,task:Diffuse,0.06051918181034042,-1.1304274424373074E-4,0.0,0.0,
2,task:Sleep,-2.969257113521555E-5,0.015506871619603723,0.0,0.0,task:Diffuse,0.060519119901110106,0.10683291039999826,0.0,0.0,
3,task:Sleep,-1.3958978090850499E-5,-9.580266427720687E-6,0.0,0.0,task:Diffuse,0.07097348106871687,0.10542477884399779,0.0,0.0,
4,task:Sleep,-2.9692521232357155E-5,0.015441181570481924,0.0,0.0,task:Diffuse,0.06051918885206072,0.1068328417343461,0.0,0.0,
5,task:10-0,-0.03180424847173733,6.778899074255642,11.036471913064622,9.568079842984792,task:Sleep,-1.1428571428571427E-5,-1.142857142843851E-5,0.035104598855288396,0.0,task:Diffuse,0.0023407228571432396,-8.066843393840793E-5,-8.722933673418199E-5,2.1292417371604144,
6,task:Sleep,-2.6703992963746808E-5,0.01614648422029194,0.0,0.0,task:Diffuse,0.06052382398411185,-1.1130421462463988E-4,0.0,0.0,
7,task:10-0,-0.1955238034284111,-0.18924401068711932,-0.07153180844663261,0.0,task:Sleep,-2.9692571428566655E-5,-1.1428571428571404E-5,1.560887060436553,0.0,task:Diffuse,-1.1736464182856974E-4,-7.511576540843663E-5,-6.728E-5,0.0,
8,task:10-0,6.695521868296443,-0.04126194122120388,9.117382846003663,8.67692164369835,task:Sleep,-8.685714285714273E-6,0.017222235747342413,-6.4E-6,-6.4E-6,task:Diffuse,-8.477909777425833E-5,-7.015005796447462E-5,0.0,0.0,
