0,task:Sleep,0.0,0.0,0.0,0.0,task:Diffuse,0.0,0.0,0.0,0.0,
1,task:Sleep,-2.9692571428401416E-5,0.017248220787870507,0.0,0.0,task:Diffuse,-1.173646418285111E-4,-2.535309109730022E-5,0.0,0.0,
2,task:Sleep,-2.9692571425866558E-5,0.01859961364123926,0.0,0.0,task:Diffuse,-1.1736464182761139E-4,-2.5201688714744778E-5,0.0,0.0,
3,task:Sleep,-2.969257139441718E-5,0.017021188967755146,0.0,0.0,task:Diffuse,-1.1736464181644896E-4,-1.982664380253331E-5,0.0,0.0,
4,task:Sleep,-2.9692571416406904E-5,1.1246504805442303E-4,0.0,0.0,task:Diffuse,-1.1736464182425383E-4,0.016054009386831002,0.0,0.0,
5,task:10-0,8.812628706596005,-0.011460629830286225,-0.18638385696028864,-0.08734422851657,task:Sleep,-1.1428571428571429E-5,0.018335077289108603,-2.969256393919244E-5,4.048553950037224,task:Diffuse,-8.753198319745376E-5,3.2493096979673014E-4,-1.1736463917034119E-4,0.012103259611431423,
6,task:Sleep,-2.9692571428570128E-5,0.017023532005294967,0.0,0.0,task:Diffuse,-1.1736464182857097E-4,2.830628092407611E-4,0.0,0.0,
7,task:10-0,-0.11294211168031622,-0.09504323628747668,-0.03386242330568086,-0.012516649119787296,task:Sleep,-2.969257142865552E-5,-1.1270484015762918E-5,6.29193721526829E-4,1.0048864857915116E-4,task:Diffuse,-1.1382873142863926E-4,-2.5438204363544763E-5,88589.01844817757,-9.003431040815637E-5,
8,task:10-0,2.2524492979613325E15,2.2524492979613325E15,-0.013827530300483233,-0.18585808079946714,task:Sleep,-9.623304439528399E-6,1.1632983094391934E-5,2.1354110291822095,-1.1428571428571429E-5,task:Diffuse,0.012846557827237412,-7.987901492431924E-5,3.85441550595214E-4,-1.1736464415359842E-4,
