0,task:Sleep,0.0,0.0,0.0,0.0,task:Diffuse,0.0,0.0,0.0,0.0,
1,task:Sleep,-2.96925714281802E-5,0.014025579012361934,0.0,0.0,task:Diffuse,-1.1736464182843259E-4,-8.483768198172888E-5,0.0,0.0,
2,task:Sleep,-2.9692571428568248E-5,1.250273873487507E-5,0.0,0.0,task:Diffuse,0.07135462059685767,0.10813699999999998,0.0,0.0,
3,task:Sleep,0.007144201628831073,5.721055448242667E-4,0.0,0.0,task:Diffuse,0.06678244057524063,0.10813699999998842,0.0,0.0,
4,task:Sleep,0.018530351398698405,0.015440054745736337,0.0,0.0,task:Diffuse,9.434001354844663E-4,-7.499691194410366E-5,0.0,0.0,
5,task:10-0,8.062738753630295,-0.03302605850303106,11.11649493503346,9.960479954304285,task:Sleep,-1.1046992767421695E-5,0.014714476365923653,-1.1729769105226123E-5,-1.1426565409001704E-5,task:Diffuse,-7.657334943401692E-5,-7.67371820750403E-5,-8.819400405161225E-5,-7.663003559584397E-5,
6,task:Sleep,-2.9551304742487344E-5,0.015535734652790003,0.0,0.0,task:Diffuse,-1.1731450157279066E-4,-7.672479341599673E-5,0.0,0.0,
7,task:10-0,-0.21542567842410662,-0.20286729631174294,-0.06884326099923523,0.0,task:Sleep,-2.969256496547993E-5,0.014519965777495524,-1.1428374050951145E-5,0.0,task:Diffuse,-1.1736463953460484E-4,-8.752846928385454E-5,1.560828976432909,0.0,
8,task:10-0,8.700198460830018,-0.041709863894984475,11.783088599492816,11.300608627627604,task:Sleep,-1.1428571429403617E-5,-1.1422636844900406E-5,-1.1428571428571427E-5,-1.1428575068452687E-5,task:Diffuse,-8.798710213997306E-5,0.013779263088944808,-2.4504498321366475E-5,-6.794835962982296E-5,
