0,task:Sleep,0.0,0.0,0.0,0.0,task:Diffuse,0.0,0.0,0.0,0.0,
1,task:Sleep,-2.904235122601206E-5,-1.1428571115462007E-5,0.0,0.0,task:Diffuse,-1.1713414834064293E-4,0.016956052091083557,0.0,0.0,
2,task:Sleep,-2.5281260631863033E-5,0.016066449616885588,0.0,0.0,task:Diffuse,-1.15810557487556E-4,-8.505138147566185E-5,0.0,0.0,
3,task:Sleep,5.972503535963639E-4,4.343474480186933E-4,0.0,0.0,task:Diffuse,0.0646755940286539,-5.1447348693397856E-5,0.0,0.0,
4,task:Sleep,-1.1428571428571429E-5,0.01551066367202571,0.0,0.0,task:Diffuse,-8.752857144193989E-5,-8.651357923526846E-5,0.0,0.0,
5,task:10-0,0.0,6.8494398967377705,9.089723389448082,0.0,task:Sleep,0.0,0.0,-6.4E-6,0.0,task:Diffuse,0.002610972799999999,0.0,-6.728E-5,0.0,
6,task:Sleep,-2.9041589915949608E-5,0.0032052176476990877,0.0,0.0,task:Diffuse,-1.1713358706647851E-4,-8.306076626642613E-5,0.0,0.0,
7,task:10-0,-0.01801684191888491,-0.03856314115228748,0.0,0.0,task:Sleep,5.82661694912556E-4,0.016983486564082155,0.0,0.0,task:Diffuse,0.0059211797221410956,-7.700678613226837E-5,0.0,0.0,
8,task:10-0,0.0,6.849303487137037,-0.07476036206540017,-0.06502008367063701,task:Sleep,0.0,-6.4E-6,-2.6412814128303476E-5,0.0,task:Diffuse,4.549145599999997E-4,-6.728E-5,-1.162126976619386E-4,0.060705027093986,
