0,task:Sleep,0.0,0.0,0.0,0.0,task:Diffuse,0.0,0.0,0.0,0.0,
1,task:Sleep,-2.9692571428564226E-5,0.01712760886400886,0.0,0.0,task:Diffuse,-1.1736464182856887E-4,-1.1205373490485108E-5,0.0,0.0,
2,task:Sleep,-2.969257142803816E-5,0.017119687511176977,0.0,0.0,task:Diffuse,-1.1736464182838219E-4,-6.359212056215254E-5,0.0,0.0,
3,task:Sleep,-1.1428571428571429E-5,1.0196919076783886E-4,0.0,0.0,task:Diffuse,-8.752857142857145E-5,0.01701851032001354,0.0,0.0,
4,task:Sleep,-1.1428571428571429E-5,0.017024647120846136,0.0,0.0,task:Diffuse,-8.752857142857145E-5,1.531936919025663E-5,0.0,0.0,
5,task:10-0,0.0,6.849306065818091,-2283.7985855533043,-Infinity,task:Sleep,0.0,-6.4E-6,77.99319429091436,-1.1428571428571427E-5,task:Diffuse,4.549145599999997E-4,-6.728E-5,0.30658887782171745,-8.752844144100095E-5,
6,task:Sleep,-1.1428571428571429E-5,1.027700473572634E-5,0.0,0.0,task:Diffuse,-8.75285714285716E-5,0.015365638321943112,0.0,0.0,
7,task:10-0,-0.2611276331784986,-0.1618543620968071,0.0,0.0,task:Sleep,-1.1428571428571427E-5,9.046346040431523E-6,0.0,0.0,task:Diffuse,-8.752853107029234E-5,0.015303664321351745,0.0,0.0,
8,task:10-0,0.0,6.849429660468193,-0.42203889994442517,-Infinity,task:Sleep,0.0,-6.4E-6,0.01556271938542091,-1.1428571428571429E-5,task:Diffuse,4.549145599999997E-4,0.0,2.6310779954473125E-5,-8.752857142857145E-5,
