0,task:Sleep,0.0,0.0,0.0,0.0,task:Diffuse,0.0,0.0,0.0,0.0,
1,task:Sleep,-2.969257142856701E-5,0.01711826112234531,0.0,0.0,task:Diffuse,-1.1736464182856988E-4,-8.663958965213911E-5,0.0,0.0,
2,task:Sleep,-2.9692571428571436E-5,0.0171221393363628,0.0,0.0,task:Diffuse,-1.1736464182857145E-4,-7.415207668630514E-5,0.0,0.0,
3,task:Sleep,-1.1428571428571429E-5,0.017200732460786287,0.0,0.0,task:Diffuse,-8.752857142857145E-5,-7.206190515260096E-5,0.0,0.0,
4,task:Sleep,-2.96925714285714E-5,0.01712230971373628,0.0,0.0,task:Diffuse,-1.1736464182857142E-4,-7.631625216156267E-5,0.0,0.0,
5,task:10-0,0.0,6.849306004744505,-0.26784309636245907,-Infinity,task:Sleep,0.0,-6.4E-6,1.5024231883003396,-1.1428571428571429E-5,task:Diffuse,4.549145599999997E-4,-6.728E-5,-7.849613141738178E-5,-8.752858195472839E-5,
6,task:Sleep,-2.969257142856784E-5,-1.1425690970253675E-5,0.0,0.0,task:Diffuse,-1.1736464182857017E-4,0.01704704832615699,0.0,0.0,
7,task:10-0,-0.1793990168853556,-0.06270311688953821,0.0,0.0,task:Sleep,-2.9692571428573E-5,-1.1428571428571156E-5,0.0,0.0,task:Diffuse,-1.138287314285727E-4,-7.440803333284286E-5,0.0,0.0,
8,task:10-0,0.0,6.849303056375378,-3.765942295482982,-Infinity,task:Sleep,0.0,-6.4E-6,-1.1415535844971832E-5,-1.1428571428571429E-5,task:Diffuse,4.549145599999997E-4,-6.728E-5,-8.213330207473455E-5,-8.752857142857145E-5,
