0,task:Sleep,0.0task:Sample,8.410000000000002E-4task:Route,0.0842
1,task:Sleep,0.0task:Sample,0.45599171665979105task:Route,0.2500025946668022
2,task:Sleep,0.0task:Sample,0.25000259466679275task:Route,0.0842
3,task:Sleep,0.0task:Sample,8.410000000000002E-4task:Route,0.0842
