0,task:Sleep,0.0,0.0,0.0,0.0,task:Diffuse,0.0,0.0,0.0,0.0,
1,task:Sleep,-1.1428571428571427E-5,-1.1397955455070787E-5,0.0,0.0,task:Diffuse,0.06426013925139566,0.10813699999782421,0.0,0.0,
2,task:Sleep,3.4475898720556225E-5,0.015507454570401924,0.0,0.0,task:Diffuse,-1.0252693200779033E-4,-7.394834043003249E-5,0.0,0.0,
3,task:10-0,6.754540134899104,-0.048241565316023124,0.0,8.497506426758072,task:Sleep,-1.1428571428571429E-5,0.014519975653285168,0.0,-6.4E-6,task:Diffuse,-8.75285725366618E-5,-8.313309963305917E-5,0.0,-6.728E-5,
4,task:Sleep,-1.1428571428571429E-5,0.018320621101106438,0.0,0.0,task:Diffuse,-8.752857142857145E-5,-7.492506920807187E-5,0.0,0.0,
5,task:10-0,2.0185851889580686,-0.03785183816625065,-40.40456199852393,-30.062308835866595,task:Sleep,-1.1428571428571429E-5,0.003205220531229978,-1.1428571428571429E-5,2.678676178157571,task:Diffuse,-8.752857143875704E-5,-8.478934785920618E-5,-8.752857142857145E-5,-9.791094560348754E-5,
6,task:Sleep,-1.1428571428571429E-5,0.01722527721464399,0.0,0.0,task:Diffuse,-8.752857142857145E-5,-7.673370631739927E-5,0.0,0.0,
7,task:10-0,-0.6855815144780933,6.503716572744128,-0.20092019143068351,-0.03437930936068356,task:Sleep,-1.1428571428571429E-5,0.0,2.844553992824118,0.0,task:Diffuse,-8.752857142857145E-5,0.0,-6.728E-5,0.0,
8,task:10-0,7.704661799268662,-0.04577505530871296,-27.536815049870487,-0.12228048431781899,task:Sleep,-1.1428571438374575E-5,-1.1428571428563164E-5,-1.1428571428571429E-5,1.7313461828998136,task:Diffuse,-8.757411647174985E-5,-7.263524751897717E-5,-8.752857142857145E-5,-8.275044605479304E-5,
