0,task:Sleep,0.0task:Sample,8.410000000000002E-4task:Route,0.0842
1,task:Sleep,0.5000000017360058task:Sample,0.500000019650277task:Route,2.429103485096504
2,task:Sleep,0.0task:Sample,8.410000000000002E-4task:Route,0.0842
3,task:Sleep,0.0task:Sample,-1.6084963571739688task:Route,0.0842
