0,task:Sleep,0.0task:Sample,8.410000000000002E-4task:Route,0.0842
1,task:Sleep,0.0task:Sample,0.4559916804954421task:Route,0.2500009067598856
2,task:Sleep,0.0task:Sample,0.2500009067598856task:Route,0.0842
3,task:Sleep,0.0task:Sample,8.410000000000002E-4task:Route,0.0842
