0,task:Sleep,0.0,0.0,0.0,0.0,task:Diffuse,0.0,0.0,0.0,0.0,
1,task:Sleep,-1.1428571428571429E-5,0.017122101853314853,0.0,0.0,task:Diffuse,-8.752857142857145E-5,-8.53998828265162E-5,0.0,0.0,
2,task:Sleep,-1.1428571428571429E-5,0.017122100847361862,0.0,0.0,task:Diffuse,-8.752857142857145E-5,-8.506879886062825E-5,0.0,0.0,
3,task:Sleep,-1.1428571428571427E-5,0.017122094130101677,0.0,0.0,task:Diffuse,-8.752857142857145E-5,-7.733235820305738E-5,0.0,0.0,
4,task:Sleep,-1.1428571428571429E-5,-1.139475797018186E-5,0.0,0.0,task:Diffuse,-8.752857142857145E-5,0.01704706867336838,0.0,0.0,
5,task:10-0,0.0,6.849305904151681,-1.646758226803188,-Infinity,task:Sleep,0.0,-6.4E-6,1.6253478945376179,-1.1428571428571429E-5,task:Diffuse,2.2683088699148697,-6.728E-5,-9.159274247765924E-5,-8.752857142857145E-5,
6,task:Sleep,-1.1428571428571429E-5,0.017122098215331054,0.0,0.0,task:Diffuse,-8.752857142857145E-5,-8.414755434370503E-5,0.0,0.0,
7,task:10-0,-0.46129015440611765,-0.10205646815416416,0.0,0.0,task:Sleep,-1.1428571428571429E-5,0.015357430971537701,0.0,0.0,task:Diffuse,-8.752857142857145E-5,-9.180920600011387E-5,0.0,0.0,
8,task:10-0,0.0,6.849438342091317,-2.038312070197913,-Infinity,task:Sleep,0.0,0.0,4.333387774093796E-5,-1.1428571428571429E-5,task:Diffuse,4.549145599999997E-4,0.0,1.5045825078227826,-8.752857142857145E-5,
