0,task:Sleep,0.0task:Sample,8.410000000000002E-4task:Route,0.0842
1,task:Sleep,0.0task:Sample,0.667336138064745task:Route,-0.3230489767042222
2,task:Sleep,0.0task:Sample,-2.9625454519296346task:Route,-0.2396460096829464
3,task:Sleep,0.0task:Sample,-1.1545771218233072task:Route,0.0842
4,task:Sleep,0.0task:Sample,-0.33346885170422225task:Route,0.0842
5,task:Sleep,0.0task:Sample,-0.2399716307766964task:Route,0.0842
6,task:Sleep,0.0task:Sample,8.410000000000002E-4task:Route,0.0842
7,task:Sleep,0.0task:Sample,8.410000000000002E-4task:Route,0.0842
8,task:Sleep,0.0task:Sample,8.410000000000002E-4task:Route,0.0842
