0,task:Sleep,0.0,0.0,0.0,0.0,task:Diffuse,0.0,0.0,0.0,0.0,
1,task:Sleep,-2.9692571411715067E-5,0.01895807553731455,0.0,0.0,task:Diffuse,-1.1736464182258856E-4,-7.502852282060365E-5,0.0,0.0,
2,task:Sleep,-2.9692571428571588E-5,-7.567890985635185E-7,0.0,0.0,task:Diffuse,0.07140975763257379,0.10813699999999998,0.0,0.0,
3,task:10-0,6.34097130739354,-0.015766633612876536,10.672854870549058,8.07263418075799,task:Sleep,-1.1428571428571429E-5,-1.1428571427383836E-5,0.0,0.0,task:Diffuse,-8.478912604066052E-5,0.014451645205954848,0.0,-6.728E-5,
4,task:Sleep,-1.1428571428571429E-5,0.01568943162216004,0.0,0.0,task:Diffuse,-8.752857142857145E-5,-7.511203149077863E-5,0.0,0.0,
5,task:10-0,1.0721247544054744,-0.034040102233304476,-2.205948412208413,-0.9697016492585315,task:Sleep,-1.1428571428571427E-5,0.018370096659669436,-1.1428571428571429E-5,-1.1442840075891526E-5,task:Diffuse,-8.752857142861418E-5,-5.3226762509368094E-5,-8.752857142857145E-5,-2.104217357848083E-5,
6,task:Sleep,-1.1428571428571429E-5,0.018396880483170865,0.0,0.0,task:Diffuse,-8.752857142857145E-5,-2.5430348143132018E-5,0.0,0.0,
7,task:10-0,-0.6618157076051202,-0.1895700711986759,-0.19820478906410383,11.70883499683671,task:Sleep,-1.1428571428571429E-5,0.014552551434903539,1.560850914918919,-6.4E-6,task:Diffuse,-8.752857142857145E-5,-8.045788091832439E-5,-6.728E-5,-6.728E-5,
8,task:10-0,1.5610438777119986,-0.14847281343549945,-0.6239966048350694,-0.3920061054741332,task:Sleep,2.2767171229160947E-4,0.01452006625123563,-1.1428571428571429E-5,1.0740339960568244,task:Diffuse,1.0335545902384564E-4,-8.504017081435788E-5,-8.752857142857145E-5,-4.53045108337767E-5,
