0,task:Sleep,0.0,0.0,0.0,0.0,task:Diffuse,0.0,0.0,0.0,0.0,
1,task:Sleep,-2.9692569665480298E-5,0.018904879631104765,0.0,0.0,task:Diffuse,-1.1736464120279162E-4,-8.635508293035545E-5,0.0,0.0,
2,task:Sleep,-2.9692571416784074E-5,0.017286671700793284,0.0,0.0,task:Diffuse,-1.1736464182438773E-4,-8.556612850200155E-5,0.0,0.0,
3,task:Sleep,-2.9692571428414508E-5,0.016990028955882013,0.0,0.0,task:Diffuse,-1.1736464182851576E-4,-7.509766667188775E-5,0.0,0.0,
4,task:Sleep,-2.969257142322079E-5,0.01890323846203948,0.0,0.0,task:Diffuse,-1.1736464182667232E-4,-7.458411118520578E-5,0.0,0.0,
5,task:10-0,0.0,6.849313973769148,-0.00925726807421411,-0.04168974959581999,task:Sleep,-6.4E-6,0.0,2.086848665221002,-2.9692571481006346E-5,task:Diffuse,0.002610972799999999,-6.728E-5,-7.268980695238547E-5,-1.1736464184718235E-4,
6,task:Sleep,-2.969257142845425E-5,0.01699621198276403,0.0,0.0,task:Diffuse,-1.1736464182852985E-4,-8.317806949986002E-5,0.0,0.0,
7,task:10-0,-0.03215694388129839,-0.02436391863640497,0.0,0.0,task:Sleep,-2.969257142859398E-5,-1.1055738117362958E-5,0.0,0.0,task:Diffuse,-1.1736464182857944E-4,-8.372597716474088E-5,0.0,0.0,
8,task:10-0,0.0,6.849302873149,-0.029786116275039996,-0.03996051329587792,task:Sleep,-6.4E-6,-6.4E-6,1.5439490453618523,-2.9692571429683404E-5,task:Diffuse,0.002610972799999999,-6.728E-5,-8.73665828365999E-5,-1.1736464182896612E-4,
