0,task:Sleep,0.0,0.0,0.0,0.0,task:Diffuse,0.0,0.0,0.0,0.0,
1,task:Sleep,-1.1428571428571429E-5,2.4493222300104195E-4,0.0,0.0,task:Diffuse,-8.752857142857145E-5,0.014423040799977905,0.0,0.0,
2,task:Sleep,-1.1428571428571429E-5,1.2444304559044318E-5,0.0,0.0,task:Diffuse,-8.752857142857145E-5,0.01706142906015207,0.0,0.0,
3,task:Sleep,-1.1428571428571429E-5,0.017033122229417802,0.0,0.0,task:Diffuse,-8.752857142857145E-5,-2.7845719058946092E-5,0.0,0.0,
4,task:Sleep,-1.1428571428571429E-5,0.01457037953328127,0.0,0.0,task:Diffuse,-8.752857142857145E-5,-1.986223390594117E-5,0.0,0.0,
5,task:10-0,6.845293484462224,6.849296309117915,-9.119878977010401,-Infinity,task:Sleep,0.0,-6.4E-6,0.008180901582116184,-1.1428571428571429E-5,task:Diffuse,0.002610972799999999,-6.728E-5,259.06786416881334,-8.752857142857145E-5,
6,task:Sleep,-1.1428571428571429E-5,6.63232679229637E-5,0.0,0.0,task:Diffuse,-8.752857142857145E-5,0.017014779492642407,0.0,0.0,
7,task:10-0,-1.0964403722812381,-0.3071529532874504,0.0,0.0,task:Sleep,-1.1428571428571429E-5,1.4263547884278587E-5,0.0,0.0,task:Diffuse,-8.752857142857145E-5,-7.499093467754647E-5,0.0,0.0,
8,task:10-0,0.0,6.849163881494722,-5.98907638082284,-Infinity,task:Sleep,0.0,-6.4E-6,0.04001830068002421,-1.1428571428571429E-5,task:Diffuse,4.549145599999997E-4,-8.073600000000001E-5,0.0019180477349046415,-8.752857142857145E-5,
9,task:Sleep,-1.1428571428571429E-5,0.015632716850827934,0.0,0.0,task:Diffuse,-8.752857142857145E-5,-7.581717767740675E-5,0.0,0.0,
10,task:10-0,0.0,7.213221629561911,-6.143069118480222,-Infinity,task:Sleep,0.0,0.0,0.016025711308530526,-1.1428571428571429E-5,task:Diffuse,4.549145599999997E-4,-6.728E-5,-2.975780162342921E-5,-8.752857142857145E-5,
11,task:10-0,0.0,6.849304159666459,-Infinity,-Infinity,task:Sleep,0.0,0.0,0.6477923888121377,-1.1428571428571429E-5,task:Diffuse,4.549145599999997E-4,-6.728E-5,98.56089452260602,-8.752857142857145E-5,
12,task:10-0,0.0,6.849294743283257,603.6354664767148,-Infinity,task:Sleep,0.0,-6.4E-6,0.557115478641937,-1.1428571428571429E-5,task:Diffuse,4.549145599999997E-4,-6.728E-5,0.17404014114401578,-8.752857142857145E-5,
13,task:Sleep,-1.1428571428571429E-5,1.2360849147972943E-4,0.0,0.0,task:Diffuse,-8.752857142857145E-5,0.017519348867650785,0.0,0.0,
