0,task:Sleep,0.0,0.0,0.0,0.0,task:Diffuse,0.0,0.0,0.0,0.0,
1,task:Sleep,-2.969257142857143E-5,0.017122056555723318,0.0,0.0,task:Diffuse,-1.1736464182857145E-4,-5.100740144012858E-5,0.0,0.0,
2,task:Sleep,-2.969257142857142E-5,-1.1413698671505852E-5,0.0,0.0,task:Diffuse,-1.1736464182857145E-4,0.017047352350633798,0.0,0.0,
3,task:Sleep,-2.9692571428571077E-5,0.017121780490907533,0.0,0.0,task:Diffuse,-1.1736464182857133E-4,-8.737257274449959E-5,0.0,0.0,
4,task:Sleep,-2.9692571361048453E-5,0.01712156666435219,0.0,0.0,task:Diffuse,-1.173646418046053E-4,-5.1113219403943035E-5,0.0,0.0,
5,task:10-0,0.0,3.41980606581809,-1.2096796955327611,-60.47085726787834,task:Sleep,0.0,-6.4E-6,0.9215177329982901,-2.9692571428897964E-5,task:Diffuse,4.549145599999997E-4,-6.728E-5,-8.277684342162384E-5,-1.1382873142883485E-4,
6,task:Sleep,-2.969257142857143E-5,0.017117987694712993,0.0,0.0,task:Diffuse,-1.1736464182857145E-4,-8.308666199977262E-5,0.0,0.0,
7,task:10-0,-0.29769060405743164,-0.15507838883650563,0.0,0.0,task:Sleep,-2.9692571430667615E-5,-1.1427461005746526E-5,0.0,0.0,task:Diffuse,-1.1382873143026237E-4,-9.20031045440714E-5,0.0,0.0,
8,task:10-0,0.0,3.4199384640770862,-2.60057454364154,-Infinity,task:Sleep,0.0,0.0,0.014520069081387055,-1.1428571428571429E-5,task:Diffuse,0.061227222027443476,0.0,-1.7946920416703903E-5,-8.752857142963948E-5,
