0,task:Sleep,0.0,0.0,0.0,0.0,task:Diffuse,0.0,0.0,0.0,0.0,
1,task:Sleep,-1.1428571428571427E-5,4.3538758509281605E-5,0.0,0.0,task:Diffuse,-8.752857142857143E-5,0.015552063672007914,0.0,0.0,
2,task:Sleep,-1.1428571428571427E-5,1.1425939515811882E-4,0.0,0.0,task:Diffuse,-8.752857142857143E-5,0.01713427634735271,0.0,0.0,
3,task:Sleep,-1.1428571428571427E-5,0.012190101483462766,0.0,0.0,task:Diffuse,-8.752857142857143E-5,-5.315809085817203E-5,0.0,0.0,
4,task:Sleep,-1.1428571428571427E-5,0.01386918487788714,0.0,0.0,task:Diffuse,-8.752857142857126E-5,1.0055887063003478E-4,0.0,0.0,
5,task:10-0,0.0,6.8492942097506875,-0.5584524057597431,-0.8263341958357453,task:Sleep,0.0,-6.4E-6,1.1362522650784894,-1.1428571428571429E-5,task:Diffuse,4.549145599999997E-4,-6.728E-5,2.1525542642456666E-4,-8.75285705742063E-5,
6,task:Sleep,-1.1428571428571427E-5,1.0228611481093742E-5,0.0,0.0,task:Diffuse,-8.752857142857143E-5,0.015952190834592764,0.0,0.0,
7,task:10-0,-0.21740974092033202,-0.17917707063308358,0.0,0.0,task:Sleep,-1.1428571428571429E-5,-1.142858036484325E-5,0.0,0.0,task:Diffuse,-8.75285714285715E-5,-8.742058272933358E-5,0.0,0.0,
8,task:10-0,8.214359271570682,6.849290974030602,-0.005306396089965602,-0.5642136571162999,task:Sleep,0.0,-6.4E-6,1.9788425303092592E9,-1.1428571428571429E-5,task:Diffuse,0.013391263999999998,-6.728E-5,-5.009107400647513E-5,-8.752857142849433E-5,
9,task:Sleep,-1.1428571428571427E-5,0.016024600927472696,0.0,0.0,task:Diffuse,-8.752857142857142E-5,3.9808503057387406E-4,0.0,0.0,
10,task:10-0,7.209086177811891,7.213349512396866,-82.81559523127551,-Infinity,task:Sleep,0.0,0.0,5.219901343565193E-6,-1.1428571428571429E-5,task:Diffuse,0.002610972799999999,0.0,0.01733268564291377,-8.752857142857145E-5,
11,task:10-0,8.214246479858673,6.849304220739542,-0.4939756607491779,-7.491943955053356,task:Sleep,0.0,0.0,0.1735199505365957,-1.1428571428571429E-5,task:Diffuse,0.013391263999999998,-6.728E-5,-2.523676620483038E-5,-8.75285712076961E-5,
12,task:10-0,0.0,6.849292934701506,-0.33603728868393506,-0.6281763190011674,task:Sleep,0.0,-6.4E-6,1.532861953706927,-1.1428571428571429E-5,task:Diffuse,4.549145599999997E-4,-6.728E-5,-8.414457010976376E-5,-8.752857142855639E-5,
13,task:Sleep,-1.1428571428571427E-5,0.015456021037651127,0.0,0.0,task:Diffuse,-8.752857142857143E-5,-1.9657879587823758E-5,0.0,0.0,
