0,task:Sleep,0.0,0.0,0.0,0.0,task:Diffuse,0.0,0.0,0.0,0.0,
1,task:Sleep,-1.1428571428571429E-5,0.01702739013241555,0.0,0.0,task:Diffuse,-8.752857142857143E-5,-7.034153542384076E-5,0.0,0.0,
2,task:Sleep,-1.1428571428571427E-5,0.017184274018711043,0.0,0.0,task:Diffuse,-8.752857142857143E-5,-8.6411830321312E-5,0.0,0.0,
3,task:Sleep,-1.1428571428571429E-5,0.01702335045796642,0.0,0.0,task:Diffuse,-8.752857142857143E-5,-8.725405503608122E-5,0.0,0.0,
4,task:Sleep,-1.1428571428571429E-5,-1.1428030669080048E-5,0.0,0.0,task:Diffuse,-8.752857142857145E-5,0.015278800479026832,0.0,0.0,
5,task:10-0,0.0,6.5996441207086365,-0.29446949377654574,-Infinity,task:Sleep,-6.4E-6,-1.1345642127359998E-5,6.17947758587599E-4,-1.1428571428571429E-5,task:Diffuse,0.002610972799999999,-2.392537921874945E-5,-6.728E-5,-8.752857142857145E-5,
6,task:Sleep,-1.1428571428571427E-5,0.01709786304048064,0.0,0.0,task:Diffuse,-8.752857142857143E-5,-8.668476410712657E-5,0.0,0.0,
7,task:10-0,-1.8237322280250603,-0.7495414614272452,-0.2028750312989936,0.0,task:Sleep,-1.1428571428571429E-5,0.019501556300194782,1.5608832917676052,0.0,task:Diffuse,-8.752857142857145E-5,-7.778684135835412E-5,-6.728E-5,0.0,
8,task:10-0,-0.33143245308150326,-0.32298505973052793,-1.9371036611913142,-Infinity,task:Sleep,-8.648019148799999E-6,-1.1354048812508938E-5,0.016636748324815546,-1.1428571428571429E-5,task:Diffuse,-2.2099848351318085E-5,-7.662845128321087E-5,-6.415447059513683E-5,-8.752857142857145E-5,
