0,task:Sleep,0.0,0.0,0.0,0.0,task:Diffuse,0.0,0.0,0.0,0.0,
1,task:Sleep,-1.1428571428571427E-5,-1.1428337547097166E-5,0.0,0.0,task:Diffuse,-1.1892044240457143E-4,0.016822780328282657,0.0,0.0,
2,task:Sleep,-2.969257142859255E-5,0.01698164734197613,0.0,0.0,task:Diffuse,-1.1736464182857894E-4,-8.62545893643236E-5,0.0,0.0,
3,task:Sleep,0.008127889239526362,1.4605103411610406E-5,0.0,0.0,task:Diffuse,0.07178204868192893,0.017000119343299144,0.0,0.0,
4,task:Sleep,-2.9692571428567306E-5,0.016997559784030437,0.0,0.0,task:Diffuse,-1.1736464182856998E-4,-8.55129713770022E-5,0.0,0.0,
5,task:10-0,0.0,6.849179941602017,8.402023755292682,7.850778831018542,task:Sleep,0.0,-6.4E-6,1.2161067841061264E-5,-1.1428607472434119E-5,task:Diffuse,4.549145599999997E-4,-8.073600000000001E-5,-2.1226364935253298E-5,-8.75740368038117E-5,
6,task:Sleep,1.2935137251624524E-4,-1.0321336707811958E-5,0.0,0.0,task:Diffuse,0.06400442373239705,9.998153330709485E-5,0.0,0.0,
7,task:10-0,-0.01944528512753128,-0.0213470090688327,0.0,0.0,task:Sleep,-1.1428571428733095E-5,1.0098739749767415E-4,0.0,0.0,task:Diffuse,0.06453922914378864,0.016981799200972834,0.0,0.0,
8,task:10-0,0.0,6.849303056375378,8.411286593920893,8.255821524772706,task:Sleep,0.0,-6.4E-6,-1.1426875978940967E-5,-1.1428571428571654E-5,task:Diffuse,0.06796322208749807,-6.728E-5,-6.728E-5,-8.752890045693558E-5,
