0,task:Sleep,0.0task:Sample,8.410000000000002E-4task:Route,0.0842
1,task:Sleep,0.0task:Sample,0.3707313683902196task:Route,0.2634705690175616
2,task:Sleep,0.0task:Sample,0.2601362090175616task:Route,0.0842
3,task:Sleep,0.0task:Sample,8.410000000000002E-4task:Route,0.0842
