0,task:Sleep,0.0task:Sample,8.410000000000002E-4task:Route,0.0842
1,task:Sleep,0.0task:Sample,0.3162914661929187task:Route,0.2500009145444465
2,task:Sleep,0.0task:Sample,0.2500009145444465task:Route,0.0842
3,task:Sleep,0.0task:Sample,8.410000000000002E-4task:Route,0.0842
